{"Bleu_1": 0.763019241526642, "Bleu_2": 0.5962225000725584, "Bleu_3": 0.4491584396012491, "Bleu_4": 0.3325109709323763, "METEOR": 0.25940697415602487, "ROUGE_L": 0.5489899155578479, "CIDEr": 1.074686483197613, "SPICE": 0.19283158638133496}